time,GAGE1STAGE,GAGE2STAGE,GAGE3STAGE,GAGE4STAGE,GAGE5STAGE,GAGE6STAGE,GAGE7STAGE,GAGE8STAGE,GAGE9STAGE
14.76190476190,1078.419002,1062.090029,1063.095563,1063.684057,1046.813813,1026.360672,1028.709102,993.5294450,1074.408992
31.00000000000,1078.419002,1062.090029,1063.095563,1063.684057,1046.813813,1026.360671,1028.709101,993.5294420,1074.408992
45.76190476190,1078.419002,1062.090029,1063.095562,1063.684057,1046.813812,1026.360671,1028.709100,993.5294393,1074.408992
62.00000000000,1078.419002,1062.090029,1063.095561,1063.684057,1046.813812,1026.360670,1028.709099,993.5294363,1074.408992
