time,QAQ04,QAQ07,QAQ14,QAQ18,QAQ22,QAQ27,QAQ30,QAQ36,QAQ10
14.76190476190,2.671327616,1.978817223,0.8216722986,1.225719997,0.1176800448,-0.6574350134,-2.149852221,-2.329312692,1.431747444
31.00000000000,2.671327612,1.978817220,0.8216716576,1.225719997,0.1176801749,-0.6574310254,-2.149764970,-2.329298851,1.431751003
45.76190476190,2.671327609,1.978817217,0.8216710759,1.225719997,0.1176802932,-0.6574274034,-2.149685730,-2.329286280,1.431754232
62.00000000000,2.671327605,1.978817213,0.8216704349,1.225719997,0.1176804233,-0.6574234155,-2.149598483,-2.329272439,1.431757791
