time,USINF10,INF10,OUT10,DS10,USINF36,INF36,OUT36,EXTOUT36,DS36
14.76190476190,8.247728941,8.247728941,-6.815981497,-6.815981497,193.3777893,193.3777893,0.000000000,-195.7071020,-195.7071020
31.00000000000,8.247728858,8.247728858,-6.815977855,-6.815977855,193.3772076,193.3772076,0.000000000,-195.7065065,-195.7065065
45.76190476190,8.247728782,8.247728782,-6.815974551,-6.815974551,193.3766794,193.3766794,0.000000000,-195.7059657,-195.7059657
62.00000000000,8.247728699,8.247728699,-6.815970909,-6.815970909,193.3760978,193.3760978,0.000000000,-195.7053703,-195.7053703
