  kper        ,   kstp         ,   zone         ,         STORAGE,   RIVER LEAKAGE,Total IN        ,         STORAGE,   RIVER LEAKAGE,Total Out       ,
               1,               2,               3,    1.111000E+01,    2.222000E+01,    3.333000E+01,    4.444000E+01,    5.555000E+01,    6.666000E+01,
               4,               5,               6,    1.234000E+01,    2.345000E+01,    3.456000E+01,    4.567000E+01,    5.678000E+01,    6.789000E+01,